file,text,number,hex
file,text,number,hex
test2.csv,FhP,8
test2.csv,xRjmWZWabMRMIQyBOu,170,6ffe2c2320b53a6ce40018bc840e99dc
file,text,number,hex
test3.csv,HVnNN
test3.csv,FkB,888603,5321d88a60b6c1b6797fff9190eb7137
test3.csv,XlkGBCwIkvxPCGIHHZTOM,6981459,d4f09783bcb22c55270b21589e9cdd8a       
test3.csv,jVQJoSItDwnMJFYyzTKXuGhKiVaWB,247461,72fbfc3f0b923deb9643c62dcd70948d
file,text,number,hex
test18.csv,iQcc
test18.csv,esm,33665245718482612738330480438247,jz9a3c3ad6d870bb1cf300f94aa90c
test18.csv,JJrNqyRkuxGCmCtHzSR,72692720510102936581264658870963,jz8d4f961cd6c56e2d2002ce8e866a
test18.csv,PdFDcMGvd,19900,jze43b2bfa05c41895f33ee53fb7e6
test18.csv,HPulvyt,70,jz2b1fcf6f7d3b82e19eeee76c72ef
test18.csv,LxKdvBwGHaJPUgcCYNOBWOghH,56127018,jz55706461193a601c121a7523d939
file,text,number,hex
test6.csv,aRtFh
test6.csv,BXbCvAbqtqcjwQnoTlBiNkhhAsKe,9o,ae43b4add4e8628856bb7717a57f5c20
test6.csv,ivVU,110802o,9513554c908a0ffcad1aacf49aee684f
test6.csv,WENkqKNbPnRMNHFh,618064o,4708593794127f167e77a247b0a0c563
test6.csv,qilXeAXwZqTqlXxxBI,515720033o,6ffa46b9e8260231a69119c5d6e664d2
test6.csv,aUyyToQLhmaOYtjchoYVDzEhOwqWGgtK,150o,015a412abdc4f48cdc752c6d71ae66ac
test6.csv,tgGoHihwGMzmuZWrySgVjgFfb,2321930802o,d7a3e9bf5c7077802ef1f8e821603ded
test6.csv,sYHNmXewL,10o,70acd3377f2a5d7e48280fcc0c2032ba
test6.csv,YCNCUOoyCOrIkRzFpR,22637319185166546390466124685332o,5cb6e08f7cf88134380ef9e5a6fb38a1,,
test6.csv,DxFZR
test6.csv,IHWqWCbfNdwqJLHVepoBfct,046970075o,a8f717af118e4b2c9305b717968bc3b7
test6.csv,cArexWCvbeirqSKIiOu,46o,5374b9bb7150dcf5dbca2ccfc52d8c5f
file,text,number,hex
test9.csv,mHGxN
test9.csv,ICpXnxVnTLqpBdUHGTSmHjKqJ,829049,5fa8632bcc4fe52bfd61c332bb26b87a
test9.csv,iuGpUHcTb,0340,bea3196a2571d964003444bb0a4c49a8
test9.csv,ejELUDcBrgggmYVzbfcJak,85,a61b51b4b13be2bc95eac478b13ffab0
test9.csv,AyzorU,3631,eac961e1ab5500efb2e852dc12aa535f
test9.csv,CbNTnRkv,043806908,0dfec5991cc5b6aa9827aaff01923495
test9.csv,iAVSPxYjBlkaewefoyu,6,a59e3498f132a2b4a20e1b3f777cda36
test9.csv,AiFCPBBMmZvnnxDxE,9972147444,820a7f43d9486f08b0dc7c42d2573fa6
test9.csv,eYhLHeUOOHGbLPAGq,30237920,7a5f547a0a112ecd7446a843bd64aeb9,,
test9.csv,IKEwJ
test9.csv,XwoWDvozJkRmnlQaUKnwCw,18451201961435030877109939048338,a5490495a0c79b99a9718b0585a0d6fc
test9.csv,regSLBEqjkWLShBZqlbLnOLtpKTFZ,2617405,f508a9ccabc313fac07a11473058159e
test9.csv,CsDavoMwJnuH,3,b0e2b3d55292152e4affd7cb02459658
test9.csv,sHoxeJyhwZyZpjmfWhZJXHeKN,71957114194369056884328924125306,4064c70af235521807b58072a1b06722
file,text,number,hex
test15.csv,k,,,
test15.csv,SBdAnWclebwhFkbqFLdisbVCOdz,,
test15.csv,wod,,
test15.csv,NBLkeNgsFiCpHFGoLqOFTDrRGPxLV,,
test15.csv,BoQBDmyRMbsjJbQRjxPiK,,
test15.csv,APFfjSMEaNHPoei,,
test15.csv,uJLkQIdawNVjhfQj,,
test15.csv,usyAcgj,,
test15.csv,xfROtHVQQQmuFX,,,,
test15.csv,jEPm
test15.csv,DeXDBatZozEQDVFCqEz,,
test15.csv,VbFGlCYyGwdTfR,,
test15.csv,yxekcAYcXsZavb,,
test15.csv,wTxruSciiJsfWbBhSUUfTlnMA,,
test15.csv,AkMoDjsRBZhIIMw,,
test15.csv,ltClAXDQUJnHtuTi,,